Time(Iteration),LinearThompsonSamplingMAB
0,0.40458001310291836
100,35.51541273339349
200,65.80317898454891
300,92.36695992369205
400,116.3470644504101
500,138.3259599639802
600,159.00192921410172
700,176.41405379759595
800,191.90519134114058
900,207.5440293731579
1000,221.74774459206614
1100,234.90081909378577
1200,247.3636369064298
1300,258.56800578372724
1400,269.0485107721053
1500,279.3576785613142
1600,288.8685043732343
1700,297.9320247689628
1800,307.0762748926908
1900,315.20528788303193
2000,322.8139881232025
2100,330.930130498074
2200,337.8972777994512
2300,344.55842082449834
2400,350.75002570615135
2500,356.66771633886435
2600,363.3449383393728
2700,369.5172709784989
2800,375.00678627124864
2900,379.54380746878803
3000,384.5195812349803
3100,390.09340691623606
3200,395.3574225690941
3300,400.02085740435825
3400,404.12367829407026
3500,408.46627155663634
3600,412.7259958350519
3700,416.8482484257929
3800,421.1627741589021
3900,425.3181130459051
4000,429.71093139110434
4100,433.50772670968945
4200,437.7074032558181
4300,441.1348579647358
4400,444.8446197521601
4500,448.28066542246063
4600,451.5616614745496
4700,454.71042589225755
4800,457.91207983071683
4900,461.241441426249
5000,464.25517743493003
5100,467.7478783166477
5200,470.95738756030926
5300,473.7563587844712
5400,476.95573889553145
5500,480.12315081944473
5600,483.17218293191763
5700,486.11003260201807
5800,488.8874562774248
5900,491.7710606229927
6000,494.49997335351026
6100,497.16965224214
6200,499.66360826567836
6300,502.3148723921536
6400,504.9543860712348
6500,507.22829822205847
6600,509.59971230702433
6700,511.940522985229
6800,514.3330793533785
6900,516.6336321845566
7000,518.5960380679893
7100,520.8038111161311
7200,522.7846453681575
7300,525.0595370310868
7400,526.7789785483853
7500,528.8707210258964
7600,530.4496595044333
7700,532.2271831279359
7800,534.2736679411207
7900,535.8610728457496
8000,537.9518471887849
8100,539.8008979891542
8200,541.8364332429541
8300,543.7064867343506
8400,545.7997082084563
8500,547.2270478546545
8600,549.0448669029787
8700,550.8359879673116
8800,552.9473335649567
8900,554.5154479552336
9000,556.2924936859583
9100,557.9840988375067
9200,560.0890026659051
9300,561.7700417482051
9400,563.5358791349265
9500,564.9482094738339
9600,566.7025116480161
9700,568.0614757925073
9800,569.8983369559419
9900,571.8310444006823
10000,573.3552971602459
10100,574.9841601046498
10200,576.3696027901694
10300,578.0431835182696
10400,579.5346732028044
10500,581.0280555583281
10600,582.8347400650605
10700,584.630148834881
10800,586.2987394742868
10900,587.7794267664365
11000,589.0914903844571
11100,590.5436890808851
11200,591.7004240804455
11300,593.2267230174929
11400,594.4484588824196
11500,596.1049056864006
11600,597.4023684030881
11700,598.6948912273799
11800,600.2003383076733
11900,601.4397456977833
12000,602.9945304223172
12100,604.6715995710248
12200,606.302208753928
12300,607.4513148872908
12400,608.959852536307
12500,610.1543849878224
12600,611.4207040082841
12700,613.2682697090161
12800,614.3715964065983
12900,615.7166169138757
13000,616.8501667058692
13100,617.9779755268572
13200,619.1006278439875
13300,620.2128475951696
13400,621.3880028434404
13500,622.855066272337
13600,624.4715900954757
13700,625.8751217772177
13800,626.9479487216178
13900,628.3013276022074
14000,629.2622688238787
14100,630.3108295649171
14200,631.4039572880129
14300,632.0787608791208
14400,633.2926860108024
14500,634.3185769679019
14600,635.2969592842013
14700,636.3290891199638
14800,637.5070510339971
14900,638.708709065922
15000,639.7870498170051
15100,640.840978413811
15200,642.1639322602235
15300,643.4216591922634
15400,644.6271522746506
15500,645.4216540345976
15600,646.4682385968299
15700,647.3994691227693
15800,648.6064195063146
15900,649.595488831733
16000,650.4547801292422
16100,651.1463197247898
16200,652.3059922644446
16300,653.290866935695
16400,654.1548658962158
16500,655.2086922890351
16600,656.1299925094992
16700,656.9949055013288
16800,657.9771298662466
16900,658.892610015873
17000,659.9557175264118
17100,660.9105332397701
17200,661.8076867390184
17300,662.6741111547032
17400,663.7048956799174
17500,664.5400729708911
17600,665.5656331018694
17700,666.4903268507287
17800,667.2891206777864
17900,668.2957859185306
18000,669.0896507139381
18100,669.7861223805578
18200,670.7387130272177
18300,671.6090498653896
18400,672.6291301270403
18500,673.4990837092507
18600,674.2279193273484
18700,674.8003691057645
18800,675.7471981351785
18900,676.5998256999358
19000,677.3245575131361
19100,678.0839215440592
19200,678.7155099605625
19300,679.6534113186274
19400,680.5282429479158
19500,681.2116375024623
19600,682.0560787590928
19700,682.7850847288473
19800,683.7671050266333
19900,684.6880921600899
20000,685.7596708899731
20100,686.6337129608485
20200,687.708254012512
20300,688.3430872262146
20400,689.0678455408654
20500,689.8552060590137
20600,690.5331831241717
20700,691.4582264820981
20800,692.5389341283951
20900,693.4509223884583
21000,694.4210341216984
21100,695.5419910780063
21200,696.2231842970684
21300,696.9558573798855
21400,697.8542523596108
21500,698.8165372137541
21600,699.4399386408246
21700,699.9915590593623
21800,700.8037346299283
21900,701.5184188282917
22000,702.517517895693
22100,703.1606725020868
22200,703.7541488167692
22300,704.3240942139298
22400,705.1983684386134
22500,705.7958550395704
22600,706.4620430927483
22700,707.2532059005065
22800,708.0887229651073
22900,708.6993099587165
23000,709.6685336865329
23100,710.3350307268249
23200,710.9351918223592
23300,711.6229744360794
23400,712.0975382207988
23500,712.9611022018557
23600,713.7662701296883
23700,714.4893334946094
23800,715.1340505916398
23900,715.7477638353026
24000,716.4025981885208
24100,716.9336025017539
24200,717.8004495887417
24300,718.5774356692058
24400,719.4065009515614
24500,720.0565686851252
24600,720.7486399796585
24700,721.3513289025824
24800,721.8717621376522
24900,722.4873406200152
25000,723.3284047834205
25100,723.9273774099058
25200,724.6646260242812
25300,725.2192983931034
25400,725.9339691914372
25500,726.5877094632617
25600,727.1272130464065
25700,727.6165273520057
25800,728.2964476701496
25900,728.9233642387062
26000,729.5203757519798
26100,730.0554019938569
26200,730.8241624584523
26300,731.4300888043281
26400,732.1293014795672
26500,732.910788425819
26600,733.2950390291629
26700,733.8094314505986
26800,734.5150808206851
26900,735.1704514858964
27000,735.5629824047725
27100,736.0286864364672
27200,736.8648138916581
27300,737.6136003428174
27400,738.4495080190561
27500,739.163936447329
27600,739.80184135134
27700,740.5787924503403
27800,741.1908737027504
27900,741.9060180901819
28000,742.4166108186855
28100,742.9580901913921
28200,743.7980976490169
28300,744.279223138317
28400,744.8986349960351
28500,745.5964220101857
28600,746.1542380255894
28700,746.771763753409
28800,747.2206556915547
28900,747.7765588915846
29000,748.372303802091
29100,748.951144054398
29200,749.5234276501247
29300,750.0979893675221
29400,750.6424143705727
29500,751.5178471463988
29600,752.1444978777986
29700,752.7631857082654
29800,753.2248959243841
29900,753.6483696307562
30000,754.2250201117816
30100,754.8795342190695
30200,755.5170490691578
30300,756.2402479181881
30400,756.7894636639871
30500,757.4013593189101
30600,757.9389758827062
30700,758.6397626970636
30800,758.9830490216993
30900,759.3557095028667
31000,759.7233775705565
31100,760.2680174244557
31200,760.8874683098167
31300,761.2063732663271
31400,761.7625720898164
31500,762.3135837377374
31600,762.771109426818
31700,763.2897676666901
31800,763.8971629195305
31900,764.3593630093566
32000,764.9127187609145
32100,765.4354004900886
32200,765.8510135527068
32300,766.3151788333662
32400,766.8354780355797
32500,767.3339828776805
32600,767.9526410916234
32700,768.5804563099094
32800,769.0376839745882
32900,769.4834834320196
33000,770.129321767553
33100,770.7139736841316
33200,771.1216983707179
33300,771.5560929225315
33400,772.0067807581315
33500,772.4594170137696
33600,772.912030254185
33700,773.5510014147825
33800,774.0126388397532
33900,774.4231383931899
34000,774.9130306643262
34100,775.3727312026778
34200,775.7416123802802
34300,776.1897301744867
34400,776.6507640128737
34500,777.2246553348111
34600,777.8900608401777
34700,778.1759655159269
34800,778.9668292797179
34900,779.5725710798863
35000,779.8968857027605
35100,780.2915809959303
35200,780.5870205713766
35300,780.9277824090855
35400,781.4445092332937
35500,781.9325029031122
35600,782.662777219824
35700,783.0170019999084
35800,783.5117888925662
35900,783.8604475659023
36000,784.1804499973912
36100,784.7219454486315
36200,785.2940249744955
36300,785.7251042903329
36400,786.1802222607594
36500,786.5368053421931
36600,786.882484961048
36700,787.3596837331417
36800,787.7646863560376
36900,788.3901301533476
37000,788.8379679020251
37100,789.235422505644
37200,789.7429939957224
37300,790.0055160048239
37400,790.4538385810448
37500,790.8698025832597
37600,791.115987379203
37700,791.5102894728726
37800,791.898497611541
37900,792.2151418413819
38000,792.603129632929
38100,793.1628018668105
38200,793.4385524434999
38300,793.8610601686568
38400,794.2005067285663
38500,794.6126786902864
38600,795.0683668126933
38700,795.5376712179174
38800,795.9117187623395
38900,796.3178744916488
39000,796.841578337516
39100,797.3322215261467
39200,797.7739458012561
39300,798.1347243361523
39400,798.5705049388674
39500,798.918028184141
39600,799.5255850564712
39700,800.0867164945388
39800,800.460135885431
39900,800.8433260246309
40000,801.1747742431794
40100,801.6052101307305
40200,802.1491422641443
40300,802.63732988467
40400,802.9524871286415
40500,803.5853000505083
40600,803.910635970404
40700,804.3524905219331
40800,804.6806945088097
40900,805.1603727144295
41000,805.6514914182173
41100,806.0748832537522
41200,806.5748127550354
41300,806.7962411119976
41400,807.127291267343
41500,807.3632995248145
41600,807.7620881194391
41700,808.2701512299183
41800,808.661881464293
41900,809.0826693560592
42000,809.575609967131
42100,809.8204152768529
42200,810.0947122434825
42300,810.5239039325347
42400,810.7998846984897
42500,811.1633778043613
42600,811.6769660200177
42700,812.0818498898755
42800,812.442395066786
42900,812.9311313540215
43000,813.3740023848256
43100,813.6139003440555
43200,814.0328259584186
43300,814.3452455776851
43400,814.7960808641159
43500,815.0310562100416
43600,815.4353449588295
43700,815.6495722257839
43800,816.0495491676127
43900,816.518321809622
44000,817.1219403216543
44100,817.5190006330662
44200,818.0529487454552
44300,818.4971381935858
44400,818.9038227190755
44500,819.3261434571657
44600,819.7661317535997
44700,820.2055621144298
44800,820.5316674849388
44900,820.7203067097953
45000,821.0810598846313
45100,821.4032501499339
45200,821.7005299554221
45300,822.0176914003614
45400,822.2088745703019
45500,822.619477410947
45600,823.0645024421623
45700,823.5285176919839
45800,823.9181070008428
45900,824.3481183930211
46000,824.707342939742
46100,825.2304882994104
46200,825.8060598234697
46300,826.0093182295634
46400,826.3279970963631
46500,826.8377510232574
46600,827.3125928233214
46700,827.6583861006044
46800,828.0747236488435
46900,828.5215369435789
47000,828.9303371254775
47100,829.3015249186437
47200,829.5824520316459
47300,829.8300754726217
47400,830.1763571774375
47500,830.4481777331372
47600,830.7440736282946
47700,831.283524988284
47800,831.6670500951859
47900,832.0974816129404
48000,832.4338741451031
48100,832.9101174758543
48200,833.1761639070239
48300,833.578141681114
48400,833.8653793180522
48500,834.2869638916545
48600,834.8123247209609
48700,835.3053518422669
48800,835.5993262529271
48900,836.0252439610418
49000,836.1895152546676
49100,836.3579249595647
49200,836.5361352096131
49300,836.9249172817429
49400,837.2960604344828
49500,837.7705468025861
49600,838.0532137983566
49700,838.5682138210052
49800,838.8086525798484
49900,839.0992155825357
50000,839.2974435819995
50100,839.6125760034942
50200,840.0455090967355
50300,840.3696466673986
50400,840.6390756300992
50500,840.8619578655992
50600,841.2123184035042
50700,841.6866280848517
50800,842.1023508177011
50900,842.4412921810347
51000,842.8348641537898
51100,843.2795411099939
51200,843.5426000403431
51300,843.9931664608087
51400,844.3922774362293
51500,844.7906627498265
51600,845.0530010711789
51700,845.2637624465399
51800,845.6335818241772
51900,845.9028614172464
52000,846.4304885394425
52100,846.6957273311393
52200,846.9839000989068
52300,847.2764954748696
52400,847.536576357736
52500,847.7905743570576
52600,848.0617018696012
52700,848.4862203041781
52800,848.800242055739
52900,849.2474424352949
53000,849.5078839270218
53100,849.86634312838
53200,850.0930857223681
53300,850.2869767831046
53400,850.7273486346452
53500,851.0478131677417
53600,851.6436894476059
53700,851.9187928630614
53800,852.2286541995751
53900,852.491176201345
54000,852.8141428013856
54100,853.1536499640988
54200,853.562823685412
54300,853.8509597139852
54400,854.2386838942036
54500,854.5549871833293
54600,854.847376338958
54700,855.2857816289086
54800,855.5352347370247
54900,855.7935064610167
55000,856.1627781912961
55100,856.4499812942065
55200,856.7540383791235
55300,857.1069021627379
55400,857.2520938630656
55500,857.5451614594851
55600,857.7824329276445
55700,858.0125757772696
55800,858.5692993548091
55900,858.825078794991
56000,859.2401765484723
56100,859.7207244326879
56200,860.0979783799015
56300,860.3231850900708
56400,860.6740474439175
56500,861.1104467513456
56600,861.2596176844569
56700,861.5786152952167
56800,862.0696048780553
56900,862.3386624612592
57000,862.813162169495
57100,863.1455922053113
57200,863.499043963526
57300,863.7060579463293
57400,863.9270182959839
57500,864.2988607552982
57600,864.7631819888262
57700,865.0660093236671
57800,865.4354436894303
57900,865.666305197488
58000,866.0562477546922
58100,866.4094330408631
58200,866.6240734101593
58300,866.8139670295428
58400,867.1311082195789
58500,867.4758455080422
58600,867.7131679328501
58700,868.1743848121235
58800,868.5527812274079
58900,868.8990186559356
59000,869.2702797598473
59100,869.6136756779827
59200,869.9580058467479
59300,870.5221239083024
59400,870.8411600529444
59500,871.1439722497483
59600,871.4031996729602
59700,871.8344181819972
59800,872.0915460839115
59900,872.5175886118155
60000,872.7735227608279
60100,873.0585179827713
60200,873.4879858051575
60300,873.7324474373648
60400,874.0103478731769
60500,874.182601734317
60600,874.4678286984533
60700,874.6580406908867
60800,874.9169102614769
60900,875.1381081672771
61000,875.3433896030735
61100,875.6838977356067
61200,876.1205451751933
61300,876.3357797352486
61400,876.5452330277619
61500,877.0663202986304
61600,877.3349904458671
61700,877.7026107931906
61800,877.9963189014364
61900,878.3555582695757
62000,878.6440877422344
62100,878.9351147746231
62200,879.2286074399487
62300,879.5109340833927
62400,879.8947426427624
62500,880.2109210825101
62600,880.4175245079699
62700,880.6132859176178
62800,880.9139312283858
62900,881.1027068259145
63000,881.3254416823414
63100,881.5895801735905
63200,881.7962370702655
63300,882.1783102108226
63400,882.4137117047032
63500,882.5995850404995
63600,882.9279428304869
63700,883.0749737523836
63800,883.4068369293684
63900,883.6122912627072
64000,883.988055877332
64100,884.1572299661509
64200,884.3114786646381
64300,884.6143414451517
64400,884.8448269864117
64500,885.0369906536698
64600,885.4255351422944
64700,885.826333731862
64800,885.9913666251584
64900,886.1750311664989
65000,886.4202732649189
65100,886.7679750251193
65200,886.9080728867423
65300,887.2261540600673
65400,887.6661120521064
65500,887.8955543760624
65600,888.1859606725232
65700,888.5190949346437
65800,888.7329148337205
65900,889.0271095493199
66000,889.2332940735884
66100,889.4815818021876
66200,889.6866469627297
66300,890.0028264580293
66400,890.2563387460405
66500,890.4985182548951
66600,890.7486865534909
66700,891.0324031337101
66800,891.2798691632028
66900,891.4886714509296
67000,891.8119459608664
67100,892.0912453920006
67200,892.3211836642773
67300,892.7128701870885
67400,892.9438641955509
67500,893.2497517289867
67600,893.5545216549865
67700,893.7839505552654
67800,893.977472366503
67900,894.2354199430281
68000,894.3987319367322
68100,894.7957016734381
68200,895.0639215407643
68300,895.2638826681463
68400,895.5229873750022
68500,895.8487580212029
68600,896.1652771641459
68700,896.3121416004236
68800,896.632835289636
68900,896.9874302710119
69000,897.2752045068149
69100,897.58258722748
69200,897.7716828731193
69300,898.0111320177764
69400,898.3059958907218
69500,898.490764227241
69600,898.871133291101
69700,899.2303481113247
69800,899.4560477399743
69900,899.7672669465312
70000,900.0402084204543
70100,900.3980040906551
70200,900.7910266804344
70300,900.9264585674712
70400,901.2209847622423
70500,901.5018110263021
70600,901.6374278309446
70700,902.0634107023628
70800,902.3039459431544
70900,902.5603981404325
71000,902.8899579293204
71100,903.167091465854
71200,903.2667165294127
71300,903.5264706366324
71400,903.5980737812877
71500,903.7644993166684
71600,904.007611981598
71700,904.2589589740155
71800,904.4704768364721
71900,904.8092827134226
72000,904.9730729457918
72100,905.174262053894
72200,905.3467487622396
72300,905.5741172845698
72400,905.8693714316311
72500,906.2353164067684
72600,906.4524454416872
72700,906.595584709192
72800,906.7904352775307
72900,907.0506351526938
73000,907.2090632498555
73100,907.4884761889892
73200,907.7812816522935
73300,908.035282863458
73400,908.3598893339592
73500,908.5519655167478
73600,908.8446166911565
73700,909.0139185368004
73800,909.2898222372457
73900,909.4960273882986
74000,909.789926397357
74100,910.0109382495499
74200,910.2031648793329
74300,910.4059362763179
74400,910.7694040543774
74500,910.97301544724
74600,911.3271806097689
74700,911.446149309546
74800,911.6358542303426
74900,911.8954636991754
75000,912.0626992291075
75100,912.2560806323957
75200,912.4201371166142
75300,912.5795909976026
75400,912.8776526662817
75500,913.1604026812158
75600,913.4928364275245
75700,913.9389768237268
75800,914.3448007201132
75900,914.6350468302483
76000,914.8571849802289
76100,915.2122342104803
76200,915.4826843061828
76300,915.6490337766363
76400,916.0711053847933
76500,916.378278491707
76600,916.728989956425
76700,916.9228607590537
76800,917.2239457755293
76900,917.3190082527192
77000,917.5645089276255
77100,917.7064951236201
77200,917.9336781173633
77300,918.1606143553978
77400,918.36212674197
77500,918.5980469162292
77600,918.8182086268971
77700,919.0419234977601
77800,919.2991094975839
77900,919.5179104718011
78000,919.742632253731
78100,920.0132679219769
78200,920.2378633512566
78300,920.5073320330263
78400,920.8755556888984
78500,921.1333696526093
78600,921.2406265138801
78700,921.3833323194755
78800,921.5992040822982
78900,921.8877220113154
79000,922.3317636951082
79100,922.6014984304733
79200,922.8176283714799
79300,923.137523073822
79400,923.2678409665696
79500,923.510157570991
79600,923.7562458352588
79700,923.9404806404403
79800,924.1538180533456
79900,924.3589219215262
80000,924.4798174143434
80100,924.6239563884947
80200,924.746687458128
80300,925.0417888776959
80400,925.223750289682
80500,925.6469784201623
80600,925.8559421365289
80700,926.0077207092156
80800,926.2726112382088
80900,926.5672685444422
81000,926.7474376742397
81100,927.0350032725349
81200,927.126552701412
81300,927.4286921861087
81400,927.520473032291
81500,927.7323752657192
81600,927.9801894668166
81700,928.272483830318
81800,928.4747091432155
81900,928.7906681191382
82000,928.9822375799977
82100,929.2290759830078
82200,929.3526519939184
82300,929.6110676394889
82400,929.8502760420197
82500,930.0733717824098
82600,930.2853640117448
82700,930.4202039065643
82800,930.6629371641295
82900,930.9343038330978
83000,931.1294806455542
83100,931.3790328363917
83200,931.7256129710549
83300,932.0772997719253
83400,932.3446363641178
83500,932.6248714950412
83600,932.900012061284
83700,933.1372484479634
83800,933.4340999447892
83900,933.6365538253804
84000,933.8808242479748
84100,934.2031307867435
84200,934.3434005053507
84300,934.4857080727573
84400,934.8089849880784
84500,935.0533821296867
84600,935.2035827036686
84700,935.4849303488179
84800,935.754815518448
84900,935.864500324718
85000,936.173700749302
85100,936.4374367880407
85200,936.7193131116486
85300,936.9572188304146
85400,937.2137444220427
85500,937.4343017897223
85600,937.7535989711871
85700,937.9022002906061
85800,938.0924302247697
85900,938.3543266151568
86000,938.644929743214
86100,938.9142403795474
86200,939.0962343776591
86300,939.2509476017661
86400,939.4127376040708
86500,939.6603675274262
86600,939.8844714566383
86700,940.0541665243348
86800,940.2746925377127
86900,940.4602851558387
87000,940.7952329782405
87100,941.0485588424028
87200,941.1974289429705
87300,941.3135858770187
87400,941.6064229807907
87500,941.7566271716538
87600,941.913811472766
87700,942.0839164384872
87800,942.4235857025462
87900,942.5998328495
88000,942.8843638754037
88100,943.196430272641
88200,943.3197672841623
88300,943.5469981244785
88400,943.6047113020904
88500,943.8755355688103
88600,944.1184051711086
88700,944.4406828431141
88800,944.5843659556128
88900,944.8598456062998
89000,945.1791933684337
89100,945.5300067819971
89200,945.8078177131385
89300,945.9612207484208
89400,946.1954454577486
89500,946.3994743537735
89600,946.5998563269579
89700,946.7428381462971
89800,946.9497691546516
89900,947.2092880012391
90000,947.306821064081
90100,947.4829875708707
90200,947.6914677259272
90300,947.9193264463316
90400,948.3418924841811
90500,948.523702081446
90600,948.676094664172
90700,948.8909601649854
90800,949.0617525848678
90900,949.2852182227964
91000,949.4957862051893
91100,949.7365892144564
91200,949.9238504341986
91300,950.1205065346982
91400,950.2749238375887
91500,950.4401765638213
91600,950.6190316321432
91700,950.8119252014316
91800,950.9605406448776
91900,951.1807420242205
92000,951.271824968669
92100,951.4683964545853
92200,951.6962256579687
92300,951.7831015780885
92400,951.9524835441683
92500,952.1373956845337
92600,952.3562359626864
92700,952.4597680557727
92800,952.6386301748986
92900,952.7456224354655
93000,953.0739496258942
93100,953.3186319112447
93200,953.4276837441897
93300,953.6135389572803
93400,953.7810514651559
93500,953.9847758789059
93600,954.1070732858961
93700,954.2874739958991
93800,954.5368110349984
93900,954.7489738681937
94000,954.9041699392083
94100,955.1536941368701
94200,955.2929221515908
94300,955.4645001593514
94400,955.6165709493449
94500,955.8806693655733
94600,956.1969558703279
94700,956.3536333901151
94800,956.5754539228695
94900,956.6916202006653
95000,956.8194481228105
95100,956.9225407366773
95200,957.2696311242559
95300,957.4705113663489
95400,957.5880185666516
95500,957.7232294817777
95600,957.9012632262329
95700,958.1539070411875
95800,958.474030174116
95900,958.6159438351599
96000,958.9175994083753
96100,959.0033057941566
96200,959.1999075573007
96300,959.3157940315541
96400,959.4204646990208
96500,959.5570307795435
96600,959.6813511158705
96700,959.8662500496821
96800,959.971564785555
96900,960.2571397737249
97000,960.4002884774578
97100,960.5563981859437
97200,960.7474322120094
97300,960.8898794542281
97400,961.1764601128613
97500,961.3754260845596
97600,961.7825968018872
97700,962.0597579052077
97800,962.2658615729573
97900,962.3714399266207
98000,962.5313730170953
98100,962.7922453719887
98200,963.1328486085597
98300,963.4747649074764
98400,963.6530954998525
98500,963.9867232649722
98600,964.2101754473885
98700,964.3936299586055
98800,964.5305313764329
98900,964.6034619122486
99000,964.7365425041966
99100,965.0139560355567
99200,965.1487770075812
99300,965.345913587756
99400,965.4842676594037
99500,965.5967813834857
99600,965.8398686729681
99700,965.9801957508216
99800,966.1407021190062
99900,966.3148463554519
100000,966.5809606475086
100100,966.7183912355213
100200,966.859797249678
100300,967.1786280857601
100400,967.3234337405116
100500,967.4553970765813
100600,967.6315944622047
100700,967.7102614088104
100800,967.8927694529077
100900,968.1209749081357
101000,968.2389506138518
101100,968.3507913621734
101200,968.5624343212337
101300,968.7695497162242
101400,968.9649911396522
101500,969.1360731745505
101600,969.2439703654964
101700,969.4139667560505
101800,969.6624348050858
101900,969.8671328497203
102000,970.0303212788718
102100,970.1273609395763
102200,970.3338324754093
102300,970.5155453013706
102400,970.6677412848956
102500,970.8462652726905
102600,971.0110990278326
102700,971.1410821731549
102800,971.4231181771972
102900,971.6402664021792
103000,971.8304294826678
103100,972.1090668261149
103200,972.2451409791893
103300,972.6233767436534
103400,972.7997463333766
103500,972.9254710747933
103600,973.1276913090078
103700,973.2136313411156
103800,973.4355155306737
103900,973.617503223311
104000,973.7166976637263
104100,973.8694930911424
104200,973.9894283033469
104300,974.2705313035428
104400,974.4649982991847
104500,974.7861013256448
104600,974.9110611859129
104700,975.0427345281911
104800,975.1556643629677
104900,975.3236165335177
105000,975.5462480155393
105100,975.8554453631466
105200,976.007747116693
105300,976.1907449941698
105400,976.3017064279541
105500,976.4448947928586
105600,976.533606175555
105700,976.6662454657314
105800,976.9103140133029
105900,977.1162202948565
106000,977.3838856895167
106100,977.5590543259834
106200,977.6583461541813
106300,977.8574300878657
106400,978.0318722123326
106500,978.1187610850117
106600,978.3017766919472
106700,978.4667503083298
106800,978.7015425454277
106900,978.802794493599
107000,978.9592075422095
107100,979.1454414116458
107200,979.3530595897662
107300,979.5418469593538
107400,979.670024603923
107500,979.871403610113
107600,980.2494940285775
107700,980.4153085770247
107800,980.5049984593849
107900,980.5590311161353
108000,980.772539645854
108100,980.8814311944088
108200,981.0037644582502
108300,981.1371464927472
108400,981.3539467091556
108500,981.5123185078395
108600,981.5622853721364
108700,981.7130788374334
108800,981.9077376217389
108900,982.2485170850821
109000,982.3211541711802
109100,982.5399395100698
109200,982.6745743847721
109300,982.81065275178
109400,982.9455018076717
109500,983.0830012289478
109600,983.2871148081407
109700,983.4551996095275
109800,983.5937627445688
109900,983.8401861845639
110000,983.9753265947948
110100,984.1293854712267
110200,984.2629804128095
110300,984.3582732333294
110400,984.6072544133391
110500,984.7316821756134
110600,985.008890110955
110700,985.0848593627219
110800,985.2045334031125
110900,985.4508194504346
111000,985.5303709876423
111100,985.7304741203592
111200,985.9131572352413
111300,986.1848253343467
111400,986.3069873570945
111500,986.3643823704626
111600,986.5774457535565
111700,986.6863828895446
111800,986.8308988747425
111900,987.067036486052
112000,987.2794060975071
112100,987.4813149519638
112200,987.6597927883611
112300,987.815952426854
112400,987.9190386709568
112500,988.0580454734842
112600,988.193623426552
112700,988.4455079571883
112800,988.626326042626
112900,988.7415156166301
113000,988.8920263322709
113100,989.0871025991662
113200,989.2761929490713
113300,989.4940410980711
113400,989.6271211225163
113500,989.8112017890566
113600,990.0533584274326
113700,990.21782524624
113800,990.4613810953933
113900,990.6624689670385
114000,990.8070949491682
114100,990.867043815384
114200,991.0197975006386
114300,991.1331420221202
114400,991.2549688789859
114500,991.372515765238
114600,991.4832415346709
114700,991.5835484787015
114800,991.7542917049766
114900,991.8999931890312
115000,991.9834590870971
115100,992.1046162633693
115200,992.31618097801
115300,992.4977872608948
115400,992.5539581208668
115500,992.7045444417863
115600,992.8051835460889
115700,992.8983328993966
115800,993.0531340222964
115900,993.1858343102358
116000,993.2570445022614
116100,993.4606863553923
116200,993.6309121631523
116300,993.7986114496777
116400,993.8794941858208
116500,994.0100760770029
116600,994.1763858683983
116700,994.3681988172942
116800,994.5704553177205
116900,994.7299873326785
117000,994.9115715802939
117100,994.9666080680536
117200,995.0677392998263
117300,995.2167080554782
117400,995.55818788403
117500,995.6133073307841
117600,995.682071176621
117700,995.8851650823868
117800,996.0334115176277
117900,996.2203060082284
118000,996.3022529272918
118100,996.5700152698395
118200,996.6691149509577
118300,996.8016696627174
118400,996.9426545675205
118500,997.1618636900951
118600,997.2919566115804
118700,997.4465925292859
118800,997.6528671289059
118900,997.8481259312146
119000,998.0578266510829
119100,998.1001718218467
119200,998.2608668406896
119300,998.4010125340795
119400,998.6033837699113
119500,998.7917848936255
119600,998.8576667332434
119700,999.0880505033205
119800,999.2581232732215
119900,999.3801859057287
120000,999.4816173717215
120100,999.6778691507616
120200,999.8217247445986
120300,999.9796740960179
120400,1000.0545675492976
120500,1000.152879033931
120600,1000.3695666832434
120700,1000.6571560075192
120800,1000.796216155336
120900,1000.9156266551963
121000,1001.146439340649
121100,1001.3583540440532
121200,1001.437851244534
121300,1001.6227660547972
121400,1001.7128383714368
121500,1001.8921137042784
121600,1002.0776398453612
121700,1002.1536433617014
121800,1002.2711541718675
121900,1002.3802589779516
122000,1002.520869066933
122100,1002.6854599691072
122200,1002.7599207746204
122300,1003.0640394730347
122400,1003.3451363971974
122500,1003.419159522786
122600,1003.5487218430977
122700,1003.7959269242504
122800,1003.8856413583944
122900,1004.2506888615308
123000,1004.4625482619128
123100,1004.5437629985681
123200,1004.6837122796467
123300,1004.7343152494416
123400,1004.880558458401
123500,1005.0376739802314
123600,1005.1263634442088
123700,1005.2888349279161
123800,1005.4377020186042
123900,1005.6091706614955
124000,1005.7878987027016
124100,1005.9577041839545
124200,1006.1258363990476
124300,1006.2531199421067
124400,1006.3264203004667
124500,1006.4657572590993
124600,1006.5783425146658
124700,1006.790569166243
124800,1006.8816223210915
124900,1007.0078662923006
125000,1007.1892789633439
125100,1007.3370958903955
125200,1007.5385686551466
125300,1007.7020840191506
125400,1007.8116635569079
125500,1007.9100837651097
125600,1008.1567640949343
125700,1008.3481717175385
125800,1008.4827180748925
125900,1008.6195387610709
126000,1008.8189321014149
126100,1008.9336153584976
126200,1009.035516708908
126300,1009.1488251303601
126400,1009.3540096729575
126500,1009.4565447757028
126600,1009.7127877702709
126700,1009.8465943470561
126800,1010.0837084264476
126900,1010.2033626195487
127000,1010.2750000530908
127100,1010.3656394500737
127200,1010.5044618228854
127300,1010.5864609960852
127400,1010.6662890865831
127500,1010.8379898977116
127600,1010.9261550564318
127700,1011.1082284295244
127800,1011.1564269481551
127900,1011.2995841601272
128000,1011.3343025710059
128100,1011.419901912844
128200,1011.5509916300438
128300,1011.7279690945883
128400,1011.9828194755207
128500,1012.064504469107
128600,1012.215520710527
128700,1012.4141063592809
128800,1012.617252716754
128900,1012.671248939507
129000,1012.8655436876695
129100,1012.9479797843242
129200,1013.0455080927504
129300,1013.1964342586073
129400,1013.3918544377202
129500,1013.5739274337459
129600,1013.9087658063506
129700,1014.044017273815
129800,1014.2048001472583
129900,1014.6322507968383
130000,1014.7078352191602
130100,1014.780875798417
130200,1015.0486509123042
130300,1015.1771749739988
130400,1015.300685802581
130500,1015.4091377607538
130600,1015.456778460661
130700,1015.5439971399595
130800,1015.6423060553327
130900,1015.8503468144421
131000,1016.0684100662404
131100,1016.2676585482197
131200,1016.469399295483
131300,1016.6604608955315
131400,1016.7977825143638
131500,1017.0743493339296
131600,1017.1571451577236
131700,1017.3221886735352
131800,1017.4314694203883
131900,1017.5369798193702
132000,1017.6924467748106
132100,1017.7777726323086
132200,1017.940492223464
132300,1018.0461177598552
132400,1018.164000917069
132500,1018.3757351888511
132600,1018.4775796396119
132700,1018.6327631828028
132800,1018.8304287309363
132900,1018.9080660643127
133000,1019.0025212280232
133100,1019.0682821656394
133200,1019.1520126758194
133300,1019.2881158241456
133400,1019.3991606553667
133500,1019.5902053080918
133600,1019.6958301631173
133700,1019.8087915155168
133800,1020.0313186574582
133900,1020.2204569270046
134000,1020.3549659298642
134100,1020.4518893558443
134200,1020.5729481508557
134300,1020.6568046274008
134400,1020.7982721496373
134500,1020.9041094634016
134600,1021.0353877183464
134700,1021.1200891604218
134800,1021.2720137346747
134900,1021.4549611753102
135000,1021.651848384945
135100,1021.7282803705803
135200,1021.8835536259094
135300,1021.9778624149388
135400,1022.0563679187469
135500,1022.1450719603566
135600,1022.2083514771833
135700,1022.3950847377971
135800,1022.7192369714119
135900,1022.8677197456866
136000,1023.0330356534265
136100,1023.1038731545868
136200,1023.2288785693452
136300,1023.4387353038716
136400,1023.6570538472782
136500,1023.7425559483429
136600,1023.935975406733
136700,1023.9693310439109
136800,1024.22650143548
136900,1024.3132479983153
137000,1024.4708828433181
137100,1024.5598875062492
137200,1024.6707882728203
137300,1024.7975239827185
137400,1024.848311600646
137500,1024.9591779012412
137600,1025.1151975375733
137700,1025.3631553747123
137800,1025.4470347764288
137900,1025.581523893478
138000,1025.7215176263614
138100,1025.9104807199744
138200,1026.0655046967815
138300,1026.1767029032176
138400,1026.3601947697985
138500,1026.4901021885964
138600,1026.6111296630258
138700,1026.8097880174023
138800,1026.9805461289955
138900,1027.1101187089812
139000,1027.2651625065748
139100,1027.361814869239
139200,1027.4323651437705
139300,1027.4875823189484
139400,1027.6391138034987
139500,1027.8254350217276
139600,1028.046110802658
139700,1028.2118648542196
139800,1028.3340768699097
139900,1028.493916967519
140000,1028.6772806870172
140100,1028.8386603293525
140200,1028.9079287704553
140300,1028.9936971105403
140400,1029.218834113422
140500,1029.308306961816
140600,1029.412457434739
140700,1029.5330718768791
140800,1029.6072436246347
140900,1029.6904142257476
141000,1029.779827075698
141100,1029.907567328508
141200,1030.107964188889
141300,1030.1488614042255
141400,1030.2260688160288
141500,1030.3139214673001
141600,1030.5542524713296
141700,1030.6870069829379
141800,1030.8151984942092
141900,1031.0261509177528
142000,1031.0801348500738
142100,1031.2332413357203
142200,1031.3539024085653
142300,1031.544564105271
142400,1031.6390849131826
142500,1031.7578035269512
142600,1031.9029669860324
142700,1032.0233946641397
142800,1032.1266081287235
142900,1032.3391170943028
143000,1032.4776763172774
143100,1032.551602933419
143200,1032.7750574100799
143300,1032.9227606644454
143400,1033.1106121508499
143500,1033.226839890264
143600,1033.3564019135229
143700,1033.4484090278247
143800,1033.5267573910082
143900,1033.585848755418
144000,1033.7916274788379
144100,1033.930288604929
144200,1034.015637642781
144300,1034.0621585209929
144400,1034.122579094161
144500,1034.3599437365112
144600,1034.4870195063074
144700,1034.6116568146774
144800,1034.7725807811414
144900,1034.8902449757247
145000,1034.9603094583322
145100,1035.081957634568
145200,1035.1917196948552
145300,1035.3210537294485
145400,1035.4562033825885
145500,1035.5844029841865
145600,1035.6620931776679
145700,1035.8231788055195
145800,1035.9596267242478
145900,1036.0804381080147
146000,1036.271010811046
146100,1036.307587115419
146200,1036.422692484254
146300,1036.535334013843
146400,1036.6455044236757
146500,1036.8447022311425
146600,1036.948639810034
146700,1037.1253242859382
146800,1037.2569397841196
146900,1037.3181592626556
147000,1037.4486456908558
147100,1037.557763470346
147200,1037.7098462866766
147300,1038.048070234489
147400,1038.2489914237624
147500,1038.5039062821206
147600,1038.6397080090203
147700,1038.872956421968
147800,1039.0691086078245
147900,1039.2216753893315
148000,1039.350188782843
148100,1039.6048186556468
148200,1039.7935046126295
148300,1039.8956647963503
148400,1040.0318522027492
148500,1040.1020260787604
148600,1040.1757967606395
148700,1040.3167209540863
148800,1040.3826237874353
148900,1040.432536417406
149000,1040.5471572765587
149100,1040.669842405458
149200,1040.7936845996041
149300,1040.9218168409675
149400,1041.0795587849584
149500,1041.116066171783
149600,1041.1964090295446
149700,1041.2650817353772
149800,1041.4891738979086
149900,1041.5959858105984
150000,1041.703206601913
150100,1041.8637920093795
150200,1041.9428464741109
150300,1042.0440442139595
150400,1042.1572762837513
150500,1042.2939764490106
150600,1042.4617418441153
150700,1042.6067912834133
150800,1042.6923460338426
150900,1042.8146240804324
151000,1043.0991846480288
151100,1043.2144902487116
151200,1043.3825351196538
151300,1043.4960230905049
151400,1043.5414657452598
151500,1043.6672630606965
151600,1043.735801282647
151700,1043.8436891624194
151800,1044.051492980197
151900,1044.1024788380194
152000,1044.1644575086752
152100,1044.2681262248311
152200,1044.4138692889646
152300,1044.5279235990445
152400,1044.6559330796033
152500,1044.8051557374752
152600,1045.0349940689327
152700,1045.0772015317
152800,1045.2627321489758
152900,1045.3512168846394
153000,1045.465490012729
153100,1045.6512200905577
153200,1045.7476578165006
153300,1045.9335524026278
153400,1046.1478899871663
153500,1046.3256348657137
153600,1046.3536450513402
153700,1046.4619440995862
153800,1046.593303553282
153900,1046.6838454592366
154000,1046.8591808151687
154100,1047.058228433551
154200,1047.2024735056523
154300,1047.2868147251197
154400,1047.38355602554
154500,1047.4935362186652
154600,1047.649312364983
154700,1047.7202890586123
154800,1047.8645779717922
154900,1047.9415793987353
155000,1048.0600036021444
155100,1048.1529274100542
155200,1048.2428268518622
155300,1048.3333407786974
155400,1048.5726100057493
155500,1048.6337256166667
155600,1048.711938561548
155700,1048.8282972607897
155800,1048.8623931907682
155900,1048.9763265339627
156000,1049.0843709092348
156100,1049.2687960496626
156200,1049.3842621002427
156300,1049.525031740373
156400,1049.650850681071
156500,1049.843355096861
156600,1050.0319253041719
156700,1050.1740462774915
156800,1050.2668222013112
156900,1050.3948042316856
157000,1050.5410842043757
157100,1050.6577466627418
157200,1050.7978633889913
157300,1050.866403624804
157400,1051.0531146815786
157500,1051.1734691146535
157600,1051.2970283010839
157700,1051.4486343148574
157800,1051.5431504488583
157900,1051.6974955448231
158000,1051.7917845973338
158100,1051.9354561168116
158200,1052.08264809372
158300,1052.1912063359227
158400,1052.287967185452
158500,1052.3665204820245
158600,1052.5020421277186
158700,1052.5424247185633
158800,1052.6252298729055
158900,1052.7648357750431
159000,1052.8996289129952
159100,1053.0299301315204
159200,1053.0849241176252
159300,1053.1734976030652
159400,1053.258440480431
159500,1053.3949880593143
159600,1053.5002699926551
159700,1053.6504366350869
159800,1053.7424320050159
159900,1053.9296806792145
160000,1054.1241847443266
160100,1054.225223624704
160200,1054.3340047266108
160300,1054.5409009047548
160400,1054.737408261321
160500,1054.7953319917406
160600,1055.0515036140268
160700,1055.261876185875
160800,1055.4022175290934
160900,1055.5341240636494
161000,1055.6053344030795
161100,1055.828452634521
161200,1055.912598267198
161300,1055.9599314306067
161400,1056.0701638166472
161500,1056.117971150782
161600,1056.2826218426862
161700,1056.3440652913955
161800,1056.4026116283198
161900,1056.4721001284704
162000,1056.5457685096576
162100,1056.7413204581167
162200,1056.8400274732994
162300,1056.8835989589525
162400,1057.0643502702283
162500,1057.271097413964
162600,1057.4089324956985
162700,1057.6312237388006
162800,1057.80620344731
162900,1058.0361145721092
163000,1058.1428489263863
163100,1058.240438689752
163200,1058.3706256260662
163300,1058.4292859529028
163400,1058.5135142487375
163500,1058.583143304204
163600,1058.766393038443
163700,1058.9058677036655
163800,1059.0353486525087
163900,1059.1558998999844
164000,1059.2841081633692
164100,1059.3735376506042
164200,1059.4971752744095
164300,1059.5749401203595
164400,1059.8225489791898
164500,1059.9593448003527
164600,1060.0045400767435
164700,1060.1710302114
164800,1060.2967079875887
164900,1060.4387895617458
165000,1060.4987568290496
165100,1060.5712113004188
165200,1060.7356093815374
165300,1060.7996046711858
165400,1060.8820833946186
165500,1060.9700427907849
165600,1061.098285226211
165700,1061.178147010512
165800,1061.287079787731
165900,1061.4071059137893
166000,1061.582950337593
166100,1061.7177734262461
166200,1061.935302610135
166300,1062.0530840277147
166400,1062.1736823624105
166500,1062.2098455574742
166600,1062.32220561322
166700,1062.4521393707628
166800,1062.5685805953879
166900,1062.7235094113223
167000,1062.8205664660234
167100,1062.898122200147
167200,1063.0555050042512
167300,1063.1388152820928
167400,1063.2696517483546
167500,1063.4313998550938
167600,1063.5092712833655
167700,1063.6750152547427
167800,1063.8312946855447
167900,1064.0537250404147
168000,1064.2114575330145
168100,1064.388954683457
168200,1064.6104830280926
168300,1064.6838092395085
168400,1064.8347562555887
168500,1064.946887673244
168600,1065.0657448925328
168700,1065.2385819357248
168800,1065.3109253524203
168900,1065.4119169657731
169000,1065.4598492986008
169100,1065.554072267707
169200,1065.7315531244271
169300,1065.882733580583
169400,1066.0542481726243
169500,1066.1126440187888
169600,1066.1806643811453
169700,1066.4543605347715
169800,1066.697200314184
169900,1066.8793367359544
170000,1066.9940834480753
170100,1067.0673650201584
170200,1067.1908322329448
170300,1067.287701431969
170400,1067.3682730892126
170500,1067.4177363423048
170600,1067.4667045503782
170700,1067.5406123245427
170800,1067.6107861121936
170900,1067.7338944824141
171000,1067.847015295186
171100,1067.9614074795531
171200,1068.1134893995188
171300,1068.1382713398734
171400,1068.1960167322757
171500,1068.3754267204506
171600,1068.4876573997958
171700,1068.6097890839371
171800,1068.671533156732
171900,1068.7191850479192
172000,1068.849472407193
172100,1068.9514739992721
172200,1069.2463323261622
172300,1069.4301179598638
172400,1069.5827597417951
172500,1069.7639816121232
172600,1069.9521307375521
172700,1070.2579060938892
172800,1070.3497725285138
172900,1070.482704603329
173000,1070.5681822558895
173100,1070.7146606278216
173200,1071.0451014887424
173300,1071.1858510209681
173400,1071.3829644321975
173500,1071.4895095461438
173600,1071.580738002709
173700,1071.658052541977
173800,1071.836226696978
173900,1071.9651928064366
174000,1072.0220763893963
174100,1072.102329756433
174200,1072.147059991212
174300,1072.2629733444478
174400,1072.470498936853
174500,1072.5036680402143
174600,1072.650002044587
174700,1072.7962902014567
174800,1072.9086761673573
174900,1072.9502695680883
175000,1073.0689332662178
175100,1073.3065595205558
175200,1073.3889382869693
175300,1073.433372737242
175400,1073.5460730315535
175500,1073.6904136483324
175600,1073.7975351214814
175700,1073.8761251356927
175800,1073.9103752421631
175900,1074.0054092728876
176000,1074.0804848565458
176100,1074.2137431472822
176200,1074.3333110812196
176300,1074.4092025347175
176400,1074.5533286635432
176500,1074.5775231681075
176600,1074.7445068683805
176700,1074.8255623815178
176800,1074.9299416130434
176900,1075.0051897267977
177000,1075.1601257273694
177100,1075.2778556421024
177200,1075.3976598537165
177300,1075.4337416359056
177400,1075.4771349520445
177500,1075.5945563894488
177600,1075.8187123870534
177700,1075.9169123967645
177800,1075.9654427268954
177900,1076.1012331341085
178000,1076.1429407121586
178100,1076.2613841805073
178200,1076.4071391892571
178300,1076.4649165417698
178400,1076.502644774656
178500,1076.6274367654287
178600,1076.7410346959741
178700,1076.7737210401876
178800,1076.8686737905227
178900,1076.9653501707714
179000,1077.0057924168182
179100,1077.1189404878476
179200,1077.1738633736666
179300,1077.4264627588122
179400,1077.5326126611453
179500,1077.5715500288213
179600,1077.675571230578
179700,1077.7420878625312
179800,1077.9436823382812
179900,1078.0722406305244
180000,1078.245840009991
180100,1078.2893537368311
180200,1078.3913166760835
180300,1078.5058281214365
180400,1078.6746655064799
180500,1078.8445729337477
180600,1078.8939748494236
180700,1079.0493835726088
180800,1079.1665520727843
180900,1079.3105551498106
181000,1079.3932368541418
181100,1079.549789290019
181200,1079.58087014772
181300,1079.658225961197
181400,1079.6997676527315
181500,1079.8060466940346
181600,1079.8708004755172
181700,1079.9411341127056
181800,1079.9975015582118
181900,1080.1038077485543
182000,1080.1422689148385
182100,1080.207619925187
182200,1080.3120456718111
182300,1080.4513754327447
182400,1080.538210851408
182500,1080.6497111825452
182600,1080.8203363214495
182700,1080.9144776927542
182800,1081.03802841192
182900,1081.1920413721084
183000,1081.2875071394765
183100,1081.3287847387946
183200,1081.452626158451
183300,1081.5308798730123
183400,1081.6288817086647
183500,1081.7417605429214
183600,1081.8041178633835
183700,1081.901298759555
183800,1081.9920206076279
183900,1082.1564262614052
184000,1082.1846620761276
184100,1082.4004720840685
184200,1082.4551051571248
184300,1082.5358971846244
184400,1082.6676028306383
184500,1082.8450086813045
184600,1082.897326266837
184700,1082.985274884266
184800,1083.111069435474
184900,1083.2325491420056
185000,1083.3138406429018
185100,1083.4222022112679
185200,1083.6004105554039
185300,1083.6428065297348
185400,1083.681568779496
185500,1083.7657057665426
185600,1084.0417963078737
185700,1084.1399937701826
185800,1084.1840441318511
185900,1084.381908548703
186000,1084.4980792939352
186100,1084.6218478662047
186200,1084.662368029944
186300,1084.7422013012956
186400,1084.879544881735
186500,1084.9748355700985
186600,1085.0325893329098
186700,1085.1491010549207
186800,1085.215012139463
186900,1085.3285404581088
187000,1085.3766906074356
187100,1085.4606114010944
187200,1085.6230652566837
187300,1085.779272648268
187400,1085.8349146846745
187500,1085.9306852485624
187600,1086.0316809855517
187700,1086.124681344339
187800,1086.2013338359561
187900,1086.2492665468053
188000,1086.3225145635708
188100,1086.4764943590492
188200,1086.6031282649917
188300,1086.6959978614577
188400,1086.9367316992316
188500,1087.0661959588492
188600,1087.164682839875
188700,1087.2846136966293
188800,1087.341936912197
188900,1087.4795261040608
189000,1087.6295751697417
189100,1087.685437314853
189200,1087.804210102696
189300,1087.866943517138
189400,1087.9172212949084
189500,1087.997867677555
189600,1088.0493233086988
189700,1088.2173917110815
189800,1088.2969337589616
189900,1088.3700764814148
190000,1088.4704883220152
190100,1088.5217325153394
190200,1088.6796149320803
190300,1088.8388056494284
190400,1088.880059893669
190500,1089.0592307423574
190600,1089.1357453025225
190700,1089.2528836171848
190800,1089.3425366455085
190900,1089.5228310554685
191000,1089.6878566570417
191100,1089.8183670247568
191200,1089.8898659086517
191300,1089.9578984034943
191400,1090.055479662287
191500,1090.2130035340529
191600,1090.2775121345608
191700,1090.3632012832131
191800,1090.3988746107188
191900,1090.504413977566
192000,1090.6278418473169
192100,1090.6526758135096
192200,1090.7371312094654
192300,1090.8599975212956
192400,1090.9237123702271
192500,1091.1060292673421
192600,1091.2650608685296
192700,1091.398980546985
192800,1091.5346158315467
192900,1091.6717085846485
193000,1091.7339638382098
193100,1091.7752091423695
193200,1091.8545136983516
193300,1091.8911919946472
193400,1092.0045010722204
193500,1092.1286408252104
193600,1092.2245903700637
193700,1092.3056032608013
193800,1092.4374495435545
193900,1092.4959319624115
194000,1092.5869330096014
194100,1092.7055602813996
194200,1092.7554596185953
194300,1093.0120743278887
194400,1093.0669118574306
194500,1093.1603002341185
194600,1093.2341270711363
194700,1093.2820008052624
194800,1093.3698836600925
194900,1093.4351602032336
195000,1093.55032109034
195100,1093.6322772498186
195200,1093.6632339601742
195300,1093.8162295801149
195400,1093.9218470539386
195500,1093.990338073422
195600,1094.1237792866368
195700,1094.2218683507363
195800,1094.325158640274
195900,1094.4272023730923
196000,1094.5321198626148
196100,1094.591838520049
196200,1094.6973894968457
196300,1094.8072869732755
196400,1094.9143851707008
196500,1095.011347406806
196600,1095.0748870166449
196700,1095.1281422918278
196800,1095.2781497702304
196900,1095.3940347255843
197000,1095.5166618838184
197100,1095.6294154614402
197200,1095.7211033411036
197300,1095.8788885064573
197400,1095.9410700588808
197500,1096.0165885445945
197600,1096.1837613404941
197700,1096.2999325964606
197800,1096.4201648001085
197900,1096.498617750876
198000,1096.5679863554763
198100,1096.664874288112
198200,1096.7622577799361
198300,1096.8495606418476
198400,1096.9036226948435
198500,1097.004536436259
198600,1097.1760464261843
198700,1097.3032451747658
198800,1097.4287551383345
198900,1097.5072280022823
199000,1097.5985279934637
199100,1097.695979748112
199200,1097.7506995087656
199300,1097.7865643667392
199400,1097.8999648734048
199500,1097.9980515664274
199600,1098.0389923672542
199700,1098.1144482201303
199800,1098.141429939388
199900,1098.2436646352635
